question,answer
मल भनेको के हो?,"मल भनेको बिरुवालाई आवश्यक पोषक तत्व (नाइट्रोजन, फस्फोरस, पोटास आदि) उपलब्ध गराउने पदार्थ हो। यसले बालीलाई स्वस्थ बनाउँछ, रोग प्रतिरोधी क्षमता बढाउँछ र उत्पादनमा उल्लेख्य वृद्धि गर्छ।"
गोलभेँडामा कुन मल हाल्ने?,"गोलभेँडालाई राम्रोसँग पाकेको गोठेमल वा कम्पोस्ट (२–३ केजी प्रति बोट) अनिवार्य हुन्छ। रोप्ने बेला डीएपी र पोटास दिनुहोस्, र बिरुवा बढेपछि युरिया तथा फल लाग्ने बेला पोटास र बोरोन मल थप्नुहोस्।"
गोलभेँडाका लागि कुन मल राम्रो हुन्छ?,"गोलभेँडालाई राम्रोसँग पाकेको गोठेमल वा कम्पोस्ट (२–३ केजी प्रति बोट) अनिवार्य हुन्छ। रोप्ने बेला डीएपी र पोटास दिनुहोस्, र बिरुवा बढेपछि युरिया तथा फल लाग्ने बेला पोटास र बोरोन मल थप्नुहोस्।"
गोलभेँडामा फूल र फल लाग्ने बेला कुन मल हाल्ने?,फूल र फल लाग्ने बेला धेरै युरिया नहाल्नुहोस्। फल ठूलो र चम्किलो बनाउन पोटास (Potash) र फूल झर्न नदिन बोरोन (Boron) १ ग्राम प्रति लिटर पानीमा घोलेर पातमा छर्कनुहोस्।
जैविक झोलमोल मल कसरी बनाउने?,"झोलमोल बनाउन गाईभैँसीको गहुँत, गोबर, पानी र तीतो/पीरो वनस्पति (तितेपाती, असुरो, खिर्रो, सिस्नो) ड्रममा २१ दिन कुहाउनुपर्छ। बिरुवामा प्रयोग गर्दा १ भाग झोलमोलमा ४ देखि ६ भाग पानी मिसाएर जरामा वा पातमा छर्कनुहोस्।"
गोलभेँडा कहिले लगाउने?,तराईमा भदौदेखि कात्तिकसम्म (हिउँदे बाली) रोपिन्छ। मध्यपहाडमा खुला ठाउँमा फागुन-चैतमा र प्लास्टिक टनेल भित्र साउन-भदौ तथा बाह्रैमास बेमौसमी गोलभेँडा खेती गर्न सकिन्छ।
गोलभेँडा कुन मौसममा लगाइन्छ?,तराईमा भदौदेखि कात्तिकसम्म (हिउँदे बाली) रोपिन्छ। मध्यपहाडमा खुला ठाउँमा फागुन-चैतमा र प्लास्टिक टनेल भित्र साउन-भदौ तथा बाह्रैमास बेमौसमी गोलभेँडा खेती गर्न सकिन्छ।
गोलभेँडाको पात किन पहेंलो हुन्छ?,"पात पहेंलो हुनुमा नाइट्रोजन मलको कमी, बढी पानी, जरा कुहिनु वा ढुसी रोग मुख्य कारण हुन्। यदि तल्लो पातहरू पूरै पहेंलो भएमा युरिया वा कम्पोस्ट मल दिनुहोस्; माटो धेरै चिसो भए सिँचाइ कम गर्नुहोस् र दाग भए डढुवाको उपचार गर्नुहोस्।"
गोलभेँडामा रोग लागेको कसरी थाहा पाउने?,"पातमा खैरो वा कालो दाग देखिनु, सेतो ढुसी लाग्नु, दिउँसो बोट ओइलाउनु, पात खुम्चिनु, फलमा दाग वा कुहिने लक्षण देखिनु रोगका प्रमुख संकेत हुन्। समयमै पहिचान गरी रोकथाम गर्नुपर्छ।"
अर्ली ब्लाइट भनेको के हो?,"अर्ली ब्लाइट ढुसीबाट लाग्ने रोग हो। यसमा पुराना पातहरूमा गोलाकार चक्राकार खैरो दागहरू देखिन्छन्। संक्रमित पात हटाउनुहोस्, पातमा पानी नपर्ने गरी सिँचाइ गर्नुहोस् र म्यानकोजेब (Mancozeb) २–२.५ ग्राम प्रति लिटर पानीमा मिसाएर छर्कनुहोस्।"
गोलभेँडामा अर्ली ब्लाइटको उपचार कसरी गर्ने?,"अर्ली ब्लाइट ढुसीबाट लाग्ने रोग हो। यसमा पुराना पातहरूमा गोलाकार चक्राकार खैरो दागहरू देखिन्छन्। संक्रमित पात हटाउनुहोस्, पातमा पानी नपर्ने गरी सिँचाइ गर्नुहोस् र म्यानकोजेब (Mancozeb) २–२.५ ग्राम प्रति लिटर पानीमा मिसाएर छर्कनुहोस्।"
पछौटे डढुवा भनेको के हो?,"पछौटे डढुवा चिसो र ओसिलो मौसममा लाग्ने खतरनाक रोग हो। यसमा पात, डाँठ र फलमा पानीले भिजेको जस्तो गाढा कालो दाग देखिन्छ। बढी संक्रमित बिरुवा उखेलेर नष्ट गर्नुहोस् र मेटाल्याक्सिल + म्यानकोजेब (कृल्याक्सिल/रिडोमिल) २ ग्राम प्रति लिटर वा कपर अक्सिक्लोराइड छर्कनुहोस्।"
गोलभेँडामा पछौटे डढुवा कसरी नियन्त्रण गर्ने?,"पछौटे डढुवा चिसो र ओसिलो मौसममा लाग्ने खतरनाक रोग हो। यसमा पात, डाँठ र फलमा पानीले भिजेको जस्तो गाढा कालो दाग देखिन्छ। बढी संक्रमित बिरुवा उखेलेर नष्ट गर्नुहोस् र मेटाल्याक्सिल + म्यानकोजेब (कृल्याक्सिल/रिडोमिल) २ ग्राम प्रति लिटर वा कपर अक्सिक्लोराइड छर्कनुहोस्।"
गोलभेँडामा पात खन्ने कीरा कसरी नियन्त्रण गर्ने?,"पात खन्ने कीराले पातभित्र सुरुङ बनाएर सेतो नागबेली धर्काहरू बनाउँछ। पहेंलो टाँसिने ट्रयाप प्रयोग गर्नुहोस्, कीरा लागेका पात टिपेर नष्ट गर्नुहोस् र निमको तेल (३-५ मि.लि. प्रति लिटर) वा एबामेक्टिन (१ मि.लि. प्रति लिटर) पानीमा मिसाएर छर्कनुहोस्।"
गोलभेँडाको फलको फेद कालो भएर कुहिने समस्या कसरी समाधान गर्ने?,फलको फेद कालो भएर कुहिने समस्या क्याल्सियमको कमी र अनियमित सिँचाइले हुन्छ। माटोमा सधैं समान चिस्यान राख्न छापो (mulch) प्रयोग गर्नुहोस् र क्याल्सियम नाइट्रेट (२ ग्राम प्रति लिटर) पानीमा घोलेर पातमा छर्कनुहोस्।
गोलभेँडाको फलमा प्वाल पार्ने कीरा कसरी नियन्त्रण गर्ने?,"फलमा प्वाल पार्ने कीराले फलभित्र पसेर गुदी खान्छ र फल कुहाउँछ। फेरोमोन ट्रयाप (हेलिल्यूर) राख्नुहोस्, निमजन्य विषादी वा जैविक बीटी (Bt) प्रयोग गर्नुहोस्, र धेरै प्रकोप भएमा इमामेक्टिन बेन्जोएट (०.५ ग्राम प्रति लिटर) छर्कनुहोस्।"
गोलभेँडामा सेतो झिँगा कसरी नियन्त्रण गर्ने?,"सेतो झिँगाले पातको रस चुस्छ र पात खुम्चिने भाइरस सार्छ। टनेलमा जाली र पहेंलो टाँसिने ट्रयाप लगाउनुहोस्, र कीरा नियन्त्रण गर्न इमिडाक्लोप्रिड (Imidacloprid) ०.५ मि.लि. प्रति लिटर पानीमा मिसाएर छर्कनुहोस्।"
गोलभेँडामा लाही कीराको नियन्त्रण कसरी गर्ने?,"लाही कीराले मुन्टो र पातको रस चुसेर बिरुवा कमजोर बनाउँछ र मह जस्तो टाँसिने पदार्थ निकाल्छ। साबुनपानी, निमको तेल (५ मि.लि. प्रति लिटर) वा बढी प्रकोप भएमा रोगर/डाइमेथोएट १.५ मि.लि. प्रति लिटर पानीमा छर्कनुहोस्।"
गोलभेँडामा रातो सुलसुलेको उपचार के हो?,रातो सुलसुलेले पातको पछाडि जालो बनाएर रस चुस्छ र पातमा साना पहेंला थोप्ला बनाउँछ। सल्फर (Sulphur) २ ग्राम प्रति लिटर पानीमा घोलेर पातको मुनि पर्ने गरी छर्कनुहोस् वा उपयुक्त सुलसुलेनाशक प्रयोग गर्नुहोस्।
गोलभेँडा ओइलाउने रोग कसरी व्यवस्थापन गर्ने?,"ब्याक्टेरियल विल्टमा पात पहेंलो नभई दिउँसो बिरुवा अचानक ओइलाउँछ र डाँठबाट सेतो पीप जस्तो तरल पदार्थ निस्कन्छ। रोगी बिरुवा उखेलेर खाडलमा पुर्नुहोस्, अग्लो ड्याङ बनाएर पानीको निकास मिलाउनुहोस् र बाली चक्र अपनाउनुहोस्।"
नर्सरीमा बेर्ना कुहिने रोगबाट कसरी बचाउने?,"ड्याम्पिङ अफ ढुसीका कारण बेर्नाको जमिनको सतहको भाग कुहिएर ढल्छ। बीउलाई ट्राइकोडर्मा वा थिरामले उपचार गरेर मात्र रोप्नुहोस्, नर्सरीमा पानी नजम्ने बनाउनुहोस् र घाममा माटो तताएर मात्र प्रयोग गर्नुहोस्।"
गोलभेँडामा कति दिनको फरकमा सिँचाइ गर्ने?,"गोलभेँडालाई हप्ताको २ देखि ३ पटक गहिरो गरी सिँचाइ गर्नुपर्छ। फल लागिरहेको बेला माटो सुक्न नदिनुहोस्, नत्र फल चर्किन्छ। बिहानको समयमा जरामा मात्र पानी हाल्नुहोस्, पातमा पानी नपार्नुहोस्।"
गोलभेँडालाई कति पानी चाहिन्छ?,"गोलभेँडालाई हप्ताको २ देखि ३ पटक गहिरो गरी सिँचाइ गर्नुपर्छ। फल लागिरहेको बेला माटो सुक्न नदिनुहोस्, नत्र फल चर्किन्छ। बिहानको समयमा जरामा मात्र पानी हाल्नुहोस्, पातमा पानी नपार्नुहोस्।"
गोलभेँडा खेतीमा थोपा सिँचाइका के फाइदा छन्?,"थोपा सिँचाइले पानी र घुलनशील मल सिधै जरामा पुर्याउँछ। यसले ४०-६०% पानी बचत गर्छ, झारपात कम उमार्छ, पात सुक्खा राखेर डढुवा रोग लाग्न दिँदैन र उत्पादन २०-३०% ले बढाउँछ।"
गोलभेँडाको स्वस्थ बेर्ना नर्सरीमा कसरी तयार गर्ने?,"उठेको ड्याङ वा प्लास्टिक ट्रेमा माटो, कम्पोस्ट र कोकोपिटको मिश्रण बनाई बीउ रोप्नुहोस्। झरीबाट बचाउन प्लास्टिक ओढाउनुहोस्। बेर्ना ४-५ वटा पात भएको र २५ देखि ३० दिनको भएपछि खेतमा सार्नुहोस्।"
गोलभेँडा रोप्दा बिरुवा र लाइन बीचको दूरी कति राख्ने?,होचो (झाडी) जातका लागि बोटदेखि बोट ४५-५० से.मी. र लाइनदेखि लाइन ६० से.मी. दूरी राख्नुहोस्। टनेलमा अग्लो जातका लागि बोटबीच ५०-६० से.मी. र लाइनबीच ७५-९० से.मी. दूरी राख्नुपर्छ।
गोलभेँडाको अनावश्यक हाँगा किन र कसरी काँटछाँट गर्ने?,"पात र मुख्य डाँठको कापबाट आउने अनावश्यक साना हाँगाहरू (suckers) लाई हातले चुँडेर हटाउनुहोस्। काँटछाँट गर्नाले बिरुवामा हावा खेल्छ, रोग कम लाग्छ र फल ठूलो तथा गुणस्तरीय फल्छ।"
गोलभेँडामा बाँसको भाटा वा डोरीले सहारा दिनु किन जरूरी छ?,"बाँसको भाटा वा डोरीले बिरुवालाई बाँधेर सहारा दिँदा फल र पात माटोमा छुँदैन। यसले माटोबाट सर्ने ढुसी रोग रोक्छ, घाम-हावा राम्रोसँग पाउँछ र गोडमेल तथा फल टिप्न सजिलो हुन्छ।"
गोलभेँडामा फूल किन झर्छ?,"अत्यधिक चिसो वा गर्मी (३२°C भन्दा बढी), पानीको कमी, परागसेचन नहुनु वा बोरोनको कमीले फूल झर्छ। बिहान बिरुवा हल्का हल्लाइदिनुहोस्, नियमित पानी दिनुहोस् र बोरोन (Boron) वा प्लानोफिक्स छर्कनुहोस्।"
गोलभेँडाको फल किन फुट्छ वा चर्किन्छ?,लामो खडेरीपछि अचानक धेरै पानी पर्दा वा सिँचाइ गर्दा फलको बाहिरी बोक्रा फुट्छ। माटोमा छापो (मल्चिङ) हालेर समान चिस्यान कायम राख्नुहोस् र फल पूर्ण रातो हुनुभन्दा अघि (पहेंलो-रातो हुँदै) टिप्नुहोस्।
हिउँदमा गोलभेँडालाई तुषारो र चिसोबाट कसरी जोगाउने?,"हिउँदमा तुषारो र चिसोबाट बचाउन प्लास्टिक टनेल बनाउनुहोस्, चिसो रातमा पराल वा एग्रो-नेटले छोप्नुहोस् र साँझपख हल्का सिँचाइ गर्नाले जमिनको तापक्रम कायम रहन मद्दत गर्छ।"
विषादी छरेपछि बाली टिप्न कति दिन कुर्नुपर्छ?,"विषादी छरेपछि बाली टिप्न कुर्नुपर्ने सुरक्षित समय (PHI): निमको तेल १-२ दिन, म्यानकोजेब जस्ता विषादी ७ देखि १० दिन, र कडा प्रणालीगत विषादीमा १४ देखि २१ दिन पर्खनुपर्छ। खानुअघि फल राम्रोसँग पखाल्नुहोस्।"
गोलभेँडामा खराने रोगको उपचार कसरी गर्ने?,खराने रोग लाग्दा पातको सतहमा सेतो धुलो छरेको जस्तो देखिन्छ र पात सुकेर झर्छ। यसको रोकथामका लागि घुलनशील सल्फर (२ ग्राम प्रति लिटर) वा हेक्साकोनाजोल (१ मि.लि. प्रति लिटर पानी) छर्कनुहोस्।
गोलभेँडामा सेप्टोरिया पातको थोप्ले रोग कसरी रोक्ने?,"सेप्टोरिया पातको थोप्ले रोगमा तल्लो पातहरूमा गाढा खैरो किनारा र बीचमा खरानी रङ भएका धेरै साना थोप्लाहरू देखिन्छन्। रोगी पातहरू हटाउनुहोस्, भुइँमा छापो हाल्नुहोस् र कपर अक्सिक्लोराइड २ ग्राम प्रति लिटर पानीमा छर्कनुहोस्।"
गोलभेँडा खेतीका लागि माटोको तयारी र उपयुक्त पीएच कति हुनुपर्छ?,"गोलभेँडाका लागि ६.० देखि ६.८ पीएच भएको, प्रशस्त प्राङ्गारिक मल भएको दोमट माटो सबैभन्दा राम्रो हुन्छ। माटो धेरै अमिलो भएमा रोप्नुभन्दा ३ हप्ता अघि प्रति रोपनी २५-३० केजी कृषि चुन मिसाउनुहोस्।"
गोलभेँडा खेतमा झारपात कसरी नियन्त्रण गर्ने?,"झारपात नियन्त्रण गर्न कालो-चाँदी रङको प्लास्टिक मल्च सबैभन्दा उत्तम हुन्छ, जसले कीरा पनि भगाउँछ। पराल वा सुकेको पातको छापो हाल्न सकिन्छ। हातले गोडमेल गर्दा बिरुवाको जरा नकाटिने गरी हल्कासँग गर्नुहोस्।"
गोलभेँडा टिप्ने सही समय कहिले हो?,नजिकैको बजार वा आफ्नै उपभोगका लागि फल रातो र छिप्पिएपछि टिप्नुहोस्। टाढा ढुवानी गर्नुपर्ने भएमा फलको फेद हल्का गुलाबी वा पहेंलो हुन थालेको अवस्था (Breaker stage) मा टिप्नुपर्छ।
प्लास्टिक टनेल भित्र बेमौसमी गोलभेँडा खेती कसरी गर्ने?,"प्लास्टिक टनेलले बर्खाको झरी, अत्यधिक चिसो र कीराबाट बचाउँछ। अग्लो हुने हाइब्रिड जात छान्नुहोस्, १.५–२ मिटर उचाइको टनेल बनाउनुहोस्, नियमित काँटछाँट गर्नुहोस् र घाम लाग्दा हावा आवतजावत गराउनुहोस्।"
गोलभेँडाको फल घामले डढ्ने समस्या किन हुन्छ?,"अत्यधिक चर्को घाम सिधै काँचो वा पाक्दै गरेको फलमा पर्दा फलमा सेतो वा हल्का खैरो छाला जस्तो दाग बन्छ। बिरुवामा पर्याप्त पातहरू रहन दिनुहोस्, धेरै काँटछाँट नगर्नुहोस् र चर्को गर्मीमा ३०% को छहारी जाली प्रयोग गर्नुहोस्।"
टिपेको गोलभेँडा धेरै दिनसम्म ताजा राख्न कसरी भण्डारण गर्ने?,"छिप्पिएका काँचा वा हल्का पाकेका फललाई १२ देखि १५ डिग्री सेल्सियसको हावा खेल्ने ठाउँमा राख्नुहोस्। नपाकेको फललाई सिधै चिसो फ्रिजमा नराख्नुहोस्, यसले स्वाद र गुणस्तर बिगार्छ। पाकेको फललाई शीतल ठाउँमा क्रेटमा फिँजाएर राख्नुहोस्।"
बोर्डो मिश्रण ढुसीनाशक कसरी बनाउने?,बोर्डो मिश्रण बनाउन १०० ग्राम नीलोथुथो (Copper Sulfate) र १०० ग्राम नभिजेको चुनालाई १० लिटर पानीमा प्लास्टिकको भाँडोमा घोल्नुपर्छ (१:१:१०० अनुपात)। फलामको काँटी डुबाएर तामाको लेप नबस्ने गरी परीक्षण गर्नुहोस् र ताजा मिश्रण डढुवा तथा ढुसी रोगमा छर्कनुहोस्।
ट्राइकोडर्मा जैविक ढुसीनाशक कसरी प्रयोग गर्ने?,"ट्राइकोडर्मा माटोमा बस्ने हानिकारक ढुसी खाने मित्रवत ढुसी हो। १ केजी ट्राइकोडर्मालाई १०० केजी राम्रोसँग पाकेको कम्पोस्ट वा गोबर मलमा मिसाएर छाँयामा ७ दिन चिसो बनाएर राख्नुहोस्, र बेर्ना सार्ने खाडल वा नर्सरीमा प्रयोग गर्नुहोस्।"
स्थानीय जडीबुटीबाट वानस्पतिक जैविक विषादी कसरी बनाउने?,"तितेपाती, असुरो, बकाइनो, निमको पात, खुर्सानी र लसुनलाई पिसेर पानी वा गाईको गहुँतमा १०-१५ दिन कुहाउनुहोस्। कपडाले छानेर १ भाग झोलमा ५ भाग पानी मिसाउनुहोस् र थोरै साबुनको फिँज हालेर रस चुस्ने कीराहरूमा छर्कनुहोस्।"
नेपालमा माटो परीक्षण कसरी गर्ने?,"आफ्नो खेतको १०-१५ ठाउँबाट 'V' आकारमा १५ से.मी. गहिराइसम्मको माटो खनेर संकलन गर्नुहोस्। राम्रोसँग मिसाएर छाँयामा सुकाउनुहोस् र ५०० ग्राम माटो स्थानीय कृषि ज्ञान केन्द्र, पालिकाको कृषि शाखा वा क्षेत्रीय माटो प्रयोगशालामा पठाउनुहोस्।"
गँड्यौला मल (भर्मीकम्पोस्ट) कसरी बनाउने?,"छाया भएको ठाउँमा १ मिटर गहिरो इँटाको ट्याङ्की बनाई घाँसपात र आधा कुहिएको गोबर मलको तह बनाउनुहोस्। त्यसमा 'आइसिनिया फेटिडा' रातो गँड्यौला छाड्नुहोस्। ६०-७०% चिस्यान राख्नुहोस्, र ४५-६० दिनपछि दानेदार कालो मल तयार हुन्छ।"
बिरुवामा म्याग्नेसियम र जिंकको कमीका लक्षण के हुन्?,"म्याग्नेसियमको कमीमा पुराना तल्लो पातका नशाहरू हरियै रहन्छन् तर नशा बीचको भाग पहेंलो हुन्छ (Interveinal Chlorosis)। जिंकको कमीमा नयाँ पातहरू साना, झुप्पा जस्ता र बिरुवाको टुप्पो खुम्चिन्छ। यसका लागि म्याग्नेसियम सल्फेट वा जिंक सल्फेट छर्कनुहोस्।"
हरियो मल (धैँचा) कसरी प्रयोग गर्ने?,हरियो मलका लागि छिटो बढ्ने कोसेबाली जस्तै धैँचा (Dhaincha) वा सनहेम्प छर्नुहोस्। बाली फूल फुल्ने बेला (४५-५० दिनमा) ट्रयाक्टर वा हलोले जोतेर माटोमा मिलाउनुहोस्। यसले माटोमा प्रति हेक्टर २०-३० केजी नाइट्रोजन थप्छ।
आलुमा डढुवा रोग कसरी नियन्त्रण गर्ने?,आलुको पछौटे डढुवा चिसो कुहिरो र पानी पर्दा पात तथा दानामा लाग्छ। रोग लाग्नुअघि नै म्यानकोजेब (२.५ ग्राम प्रति लिटर) छर्कनुहोस्। रोगका थोप्ला देखिएमा मेटाल्याक्सिल + म्यानकोजेब (२ ग्राम प्रति लिटर) छर्कनुहोस् र आलुको फेदमा राम्रोसँग माटो चढाउनुहोस्।
खुर्सानीमा पात खुम्चिने र फल कुहिने रोग कसरी रोक्ने?,पात खुम्चिने रोग थ्रिप्स र सुलसुलेले सार्ने भाइरसले हुन्छ; यसका लागि इमिडाक्लोप्रिड वा फेनाजाक्विन छर्कनुहोस्। फल कुहिने वा डाँठ सुक्ने (एन्थ्राक्नोज) रोगका लागि कपर अक्सिक्लोराइड (२.५ ग्राम प्रति लिटर) वा एजोक्सीस्ट्रोबिन छर्कनुहोस्।
काँक्रो र लहरे तरकारीमा औँसा पार्ने फलको झिँगा कसरी नियन्त्रण गर्ने?,"फलको झिँगाले कलिलो फलभित्र फुल पारेर कीरा (औँसा) बनाउँछ र फल कुहाउँछ। क्यु-ल्युर (Cue-lure) फेरोमोन ट्रयाप प्रति रोपनी ४ वटा झुन्ड्याउनुहोस्, प्रोटिन बेट प्रयोग गर्नुहोस् र कलिला फललाई कागजको थैलाले छोप्नुहोस्।"
काउली र बन्दामा गाँठे रोग कसरी नियन्त्रण गर्ने?,गाँठे रोग (Clubroot) ले जरामा गिर्खा बनाएर दिउँसो बोट ओइलाउँछ। यो अमिलो माटोमा बढी फैलिन्छ। रोप्नुभन्दा ३ हप्ताअघि प्रति रोपनी ५० केजी कृषि चुन हालेर माटोको पीएच ७ भन्दा माथि पुर्याउनुहोस् र रोगी खेतमा तोरी/काउली समूहका बाली नलगाउनुहोस्।
काउली र बन्दामा पुतलीको लाभ्रे कीरा (DBM) कसरी नियन्त्रण गर्ने?,"डायमण्डब्याक मथ (DBM) का हरिया लाभ्रेले पातमा जाली बनाएर खान्छन्। फेरोमोन ट्रयाप प्रयोग गर्नुहोस्, तोरीलाई पासो बालीको रूपमा लगाउनुहोस् र जैविक ब्याक्टेरिया बीटी (Bt) वा स्पिनोस्याड (०.५ मि.लि. प्रति लिटर) छर्कनुहोस्।"
प्याज र लसुनमा बैजनी धब्बा रोग कसरी रोक्ने?,"बैजनी धब्बा रोग (Purple Blotch) मा पातमा बैजनी-खैरो लाम्चिला दागहरू बन्छन्। खेतमा पानी जम्न नदिनुहोस्, माथिबाट पानी नछर्कनुहोस् र म्यानकोजेब वा डिफेनोकोनाजोल (१ मि.लि. प्रति लिटर) मा टाँसिने गम (sticker) मिसाएर छर्कनुहोस्।"
एकीकृत शत्रुजीव व्यवस्थापन (IPM) भनेको के हो?,"आईपीएम भनेको बालीका शत्रु कीरा र रोग नियन्त्रण गर्ने वातावरणमैत्री उपाय हो। यसमा बाली चक्र, सरसफाइ, पहेँलो/फेरोमोन ट्रयाप, जैविक मित्रजीव (ट्राइकोडर्मा, लेडीबर्ड) प्रयोग गरिन्छ र अन्तिम विकल्पको रूपमा मात्र विषादी प्रयोग गरिन्छ।"
पहेंलो र नीलो टाँसिने ट्रयापले कसरी काम गर्छ?,"पहेंलो टाँसिने ट्रयापले सेतो झिँगा, लाही र पात खन्ने कीरालाई आकर्षित गरी टाँसेर मार्छ। नीलो टाँसिने ट्रयापले थ्रिप्स कीरालाई समात्छ। बिरुवाको मुन्टोभन्दा १५-२० से.मी. माथि प्रति रोपनी १०-१५ वटा ट्रयाप झुन्ड्याउनुपर्छ।"
फेरोमोन ट्रयापले कसरी कीरा नियन्त्रण गर्छ?,"फेरोमोन ट्रयापमा पोथी कीराको गन्ध (सेक्स फेरोमोन) राखिएको हुन्छ, जसले भाले पुतलीलाई आकर्षित गरी जालमा पार्छ। भाले कीरा नष्ट भएपछि प्रजनन् चक्र रोकिन्छ र बालीमा लाभ्रे कीराको आक्रमण निकै कम हुन्छ।"
प्लास्टिक मल्चिङ भनेको के हो र यसका के फाइदा छन्?,"कालो-चाँदी रङको प्लास्टिकले ड्याङ छोप्ने विधिलाई मल्चिङ भनिन्छ। यसले झार उम्रन दिँदैन, माटोको चिस्यान जोगाउँछ, जरालाई न्यानो राखेर छिटो उत्पादन दिन्छ, घामको परावर्तनले कीरा भगाउँछ र माटोबाट सर्ने रोग रोक्छ।"
प्लास्टिक टनेलमा तापक्रम र हावाको व्यवस्थापन कसरी गर्ने?,घाम लागेको दिन बिहानै टनेलको दुवै छेउका पर्दा खोलेर ओस र तातो हावा बाहिर निकाल्नुहोस् (उपयुक्त तापक्रम: २२–२८°C)। हिउँदमा साँझ पर्नुअघि पर्दा बन्द गरेर दिनको तातो भित्रै थुन्नुपर्छ ताकि तुषारो नपरोस्।
तरकारी बालीलाई असिनाबाट कसरी जोगाउने?,नर्सरी र खुला खेतका तरकारी ड्याङमा बाँस वा जीआई पाइपको फ्रेम बनाएर ३०-४० मेसको नाइलन एन्टि-हेल नेट (असिना छेक्ने जाली) लगाउनुहोस्। यसले असिनाको ठक्कर छेकेर पात र फल चोटपटक लाग्नबाट जोगाउँछ।
टनेल खेतीमा आकाशे पानी संकलन कसरी गर्ने?,प्लास्टिक टनेलको छानाबाट बग्ने बर्खाको पानीलाई पीभीसी पाइप वा पाइप-गटर जोडेर सिल्पाउलिन प्लास्टिक ओछ्याएको पोखरीमा जम्मा गर्न सकिन्छ। १०० वर्गमिटरको छानाबाट बर्खामा ८० हजार लिटरभन्दा बढी शुद्ध सिँचाइ पानी संकलन हुन्छ।
नेपालमा कृषि तथा बाली बीमा कसरी गर्ने?,"नेपाल सरकारले कृषि तथा बाली बीमाको प्रिमियममा ८०% अनुदान दिन्छ। किसानले आफ्नो लालपुर्जा र नागरिकताको प्रतिलिपि लिएर नजिकको निर्जीवन बीमा कम्पनी, सहकारी वा स्थानीय तहको कृषि शाखामा सम्पर्क गरी बाली बीमा गराउन सक्छन्।"
किसानले माटो परीक्षण र कृषि प्राविधिक सल्लाह कहाँ पाउँछन्?,"निःशुल्क वा न्यून शुल्कमा माटो परीक्षण तथा प्राविधिक सल्लाह आफ्नै गाउँपालिका/नगरपालिकाको कृषि विकास शाखा, जिल्लास्थित कृषि ज्ञान केन्द्र (AKC) र प्रादेशिक माटो तथा मल परीक्षण प्रयोगशालाबाट लिन सकिन्छ।"
बजार पठाउन तरकारीको ग्रेडिङ र प्याकेजिङ कसरी गर्ने?,"टिपेको तरकारीलाई आकार, रङ र शुद्धता अनुसार 'क', 'ख' र 'ग' श्रेणीमा छुट्याउनुहोस्। तरकारीलाई गुम्सिने प्लास्टिकको बोरामा नराखी हावा छिर्ने प्लास्टिक क्रेटमा प्याक गर्दा ढुवानीमा बिग्रिने र कुहिने समस्या हुँदैन।"
विषादी छर्किँदा के कस्ता सुरक्षा सावधानी अपनाउनुपर्छ?,"विषादी छर्किँदा सधैं मास्क, पञ्जा, चस्मा, लामो बाहुला भएको लुगा र बुट लगाउनुहोस्। हावा चलेको विपरित दिशा वा चर्को घाममा कहिल्यै नछर्कनुहोस्। विषादी चलाउँदा केही नखानुहोस् र काम सकिएपछि साबुनपानीले नुहाउनुहोस्।"
विषादीका खाली भाँडा कसरी सुरक्षित नष्ट गर्ने?,विषादी सकिएपछि बोतलमा ३ पटक पानी हालेर हल्लाउँदै स्प्रे ट्याङ्कीमै खन्याउनुहोस्। भाँडोलाई फेरि प्रयोग गर्न नमिल्ने गरी फुटाउनुहोस् वा प्वाल पार्नुहोस् र पानीको स्रोतभन्दा टाढा गहिरो खाडल खनेर पुर्नुहोस्।
कीरा नलागीकन पनि गोलभेँडाको पात किन माथितिर दोब्रिन्छ?,"अत्यधिक गर्मी, चर्को घाम, सुक्खा हावाहुरी वा धेरै हाँगाबिँगा एकैपटक काट्दा बोटले पानी जोगाउन पात माथितिर दोब्य्राउँछ। यदि पात पहेंलो नभई हरियै र स्वस्थ छ भने यो कुनै रोग होइन र यसले उत्पादन घटाउँदैन।"
के काँचो गोबर सिधै खेतबारीमा हाल्न मिल्छ?,"काँचो गोबर सिधै खेतमा कहिल्यै हाल्नुहुँदैन। काँचो गोबर कुहिँदा अत्यधिक तातो र अमोनिया ग्यास निस्कन्छ जसले जरा डढाउँछ। साथै यसमा हानिकारक ढुसी, ब्याक्टेरिया र झारपातका बीउहरू हुन्छन्।"
गाईको काँचो दूध छर्किँदा तरकारीलाई भाइरसबाट कसरी बचाउँछ?,१ भाग गाईको काँचो दूधमा ९ भाग पानी मिसाएर पातमा छर्किँदा दूधमा भएको प्रोटिनले पातको सतहमा प्राकृतिक तह बनाउँछ। यसले बिरुवामा लाग्ने भाइरसलाई निष्क्रिय बनाउँछ र खराने रोग लाग्न दिँदैन।
बाली चक्र (Crop Rotation) भनेको के हो र यो किन जरूरी छ?,एउटै जग्गामा लगातार एउटै जात वा परिवारका बाली (जस्तै गोलभेँडापछि आलु वा भन्टा) नलगाउने नियमलाई बाली चक्र भनिन्छ। बाली फेरेर दलहन वा मकै लगाउँदा माटोको उर्वराशक्ति बढ्छ र रोग-कीराको चक्र तोडिन्छ।
फेद काट्ने कीरा कसरी नियन्त्रण गर्ने?,"फेद काट्ने कीरा (Cutworm) दिउँसो माटोभित्र लुक्छ र राति कलिला बेर्नाको फेद काटेर ढालिदिन्छ। रोप्नुअघि खेतमा पानी जमाउने, बत्तीको पासो राख्ने र बेर्नाको फेद वरिपरि क्लोरपाइरिफस वा निमको पिना हाल्नुपर्छ।"
माटोमा धमिरा कसरी नियन्त्रण गर्ने?,धमिराले सुक्खा बलौटे माटोमा बिरुवाको जरा खान्छ। खेतमा नकुहिएको काठपात वा काँचो गोबर नहाल्नुहोस्। जग्गा तयारी गर्दा प्रति रोपनी २०-३० केजी निमको पिना माटोमा मिसाउनुहोस् वा क्लोरपाइरिफसले जरा वरिपरि भिजाउनुहोस्।
सम्पर्क र प्रणालीगत ढुसीनाशकमा के फरक छ?,"सम्पर्क ढुसीनाशक (जस्तै म्यानकोजेब, कपर) ले पातको बाहिरी भागमा बसेर रोग भित्र पस्न दिँदैन र रोग लाग्नुअघि नै छर्किनुपर्छ। प्रणालीगत ढुसीनाशक (जस्तै मेटाल्याक्सिल) बोटभित्र नशा-नशामा फैलिएर भित्रको रोग निको पार्छ।"
तरकारीको जरामा गाँठो पार्ने जुका (निमाटोड) कसरी रोकथाम गर्ने?,"रूट-नट निमाटोडले जरामा गिर्खा बनाएर बिरुवा पहेंलो र पुड्को बनाउँछ। खेतमा सयपत्री फूल (Marigold) लगाउनुहोस्, जेठ-असारको चर्को घाममा पारदर्शी प्लास्टिक ओढाएर माटो तताउनुहोस्, र जैविक पेसिलोमाइसिस प्रयोग गर्नुहोस्।"
विषादी छर्ने स्प्रे पम्पको सही नापजाँच कसरी गर्ने?,स्प्रे पम्पमा सफा पानी भरेर १० मिटर लम्बाइ र १० मिटर चौडाइको जग्गामा सामान्य गतिमा छर्कनुहोस्। कति पानी खर्च भयो नाप्नुहोस् र प्रति रोपनी चाहिने पानी हिसाब गर्नुहोस्। यसले गर्दा विषादी कम भएर काम नगर्ने वा बढी भएर पात डढ्ने समस्या हुँदैन।
मकैमा अमेरिकन फौजी कीरा कसरी नियन्त्रण गर्ने?,"फौजी कीराले मकैको पात र गुभो खाएर जाली बनाउँछ र विष्टा छाड्छ। मकैको गुभोमा बालुवा वा काठको खरानी खुर्सानीको धुलो मिसाएर हाल्नुहोस्, र धेरै प्रकोप भएमा स्पिनिटोराम (०.५ मि.लि.) वा इमामेक्टिन बेन्जोएट (०.४ ग्राम प्रति लिटर) पानीमा छर्कनुहोस्।"
धानमा गवारो र मरुवा रोग कसरी नियन्त्रण गर्ने?,धानको गवारो कीराले गुभो सुकाउने (Dead heart) र सेतो बाला बनाउँछ; यसका लागि बत्तीको पासो र कार्टाप हाइड्रोक्लोराइड प्रयोग गर्नुहोस्। मरुवा (ब्लास्ट) रोगमा पातमा आँखा आकारका खैरो दाग बन्छन्; यसका लागि ट्राइसाइक्लाजोल १ ग्राम प्रति लिटर छर्कनुहोस्।
अदुवामा गानो कुहिने रोग कसरी नियन्त्रण गर्ने?,"अदुवाको गानो कुहिने रोग माटोमा पानी जम्दा ढुसीका कारण लाग्छ। अग्लो ड्याङ बनाएर पानी नजम्ने बनाउनुहोस्, बीउ रोप्नुअघि म्यानकोजेब (३ ग्राम प्रति लिटर) को घोलमा ३० मिनेट डुबाएर उपचार गर्नुहोस् र ट्राइकोडर्मा प्रयोग गर्नुहोस्।"
सुन्तला र कागतीमा फल झर्ने समस्या कसरी रोक्ने?,"सुन्तला र कागतीमा फल झर्नुमा फलको झिँगा, ढुसी रोग वा सूक्ष्म पोषक तत्वको कमी मुख्य कारण हुन्। फूल फुल्दा र फल केराउको दाना जत्रो हुँदा जिंक सल्फेट र बोरोन छर्कनुहोस् तथा मिथाइल युजिनोल फेरोमोन पासो झुन्ड्याउनुहोस्।"
लसुन र प्याजमा थ्रिप्स कीरा कसरी नियन्त्रण गर्ने?,"थ्रिप्स कीराले पात कोतरेर रस चुस्छ र पातमा चाँदी जस्तो सेतो धर्सा बनाउँछ। नीलो टाँसिने ट्रयाप लगाउनुहोस्, निमजन्य विषादी (३ मि.लि. प्रति लिटर) वा फिप्रोनिल (१.५ मि.लि. प्रति लिटर पानी) बिहानको समयमा पातको फेदसम्म भिज्ने गरी छर्कनुहोस्।"
गोलभेँडामा तुता एब्सोलुटा (पात खन्ने पुतली) कसरी नियन्त्रण गर्ने?,"तुता एब्सोलुटा (Tuta Absoluta) का लाभ्रेले गोलभेँडाको पातभित्रको हरियो भाग खान्छन् र फलमा प्वाल पार्छन्। बत्तीको पासो र तुता फेरोमोन ट्रयाप राख्नुहोस्, टनेलमा मसिनो जाली लगाउनुहोस् र कोराजेन (०.३ मि.लि. प्रति लिटर) छर्कनुहोस्।"
अलैँचीमा छिर्के र फुर्के रोग कसरी व्यवस्थापन गर्ने?,"अलैँचीको छिर्के र फुर्के भाइरसबाट लाग्ने रोग हुन् जुन लाही कीराले सार्छ। रोगी अलैँचीको झ्याङ तत्कालै उखेलेर जलाउनुहोस्, रोगमुक्त टिस्यु कल्चर बिरुवा मात्र रोप्नुहोस् र लाही कीरा नियन्त्रण गर्न साबुनपानी वा डाइमेथोएट छर्कनुहोस्।"
जैविक जीवामृत मल कसरी बनाउने?,"१० केजी गाईको गोबर, १० लिटर गहुँत, २ केजी सख्खर (गुड), २ केजी बेसन र १ मुठी जंगलको शुद्ध माटो २०० लिटर पानीमा घोल्नुहोस्। घडीको दिशामा दैनिक दुईपटक चलाएर ५-७ दिन छायामा राख्नुहोस्। यो जीवामृत माटोमा सिधै हाल्दा सूक्ष्म जीवाणु बढाउँछ।"
तोरी र रायोमा लाही कीरा कसरी नियन्त्रण गर्ने?,तोरीमा लाही कीरा जाडो मौसममा बादल लाग्दा छिटो फैलिन्छ। लाहीबाट जोगिन कात्तिक पहिलो हप्ताभित्रै तोरी छरिसक्नुहोस्। मित्रजीव लेडीबर्ड खपटे किराको संरक्षण गर्नुहोस् र धेरै प्रकोप भएमा रोगर (डाइमेथोएट १ मि.लि. प्रति लिटर पानी) छर्कनुहोस्।
आलुको बीउ भण्डारण गर्ने घरेलु र देहाती तरिका के हो?,"आलुको बीउलाई अँध्यारोमा नराखी हावा खेल्ने, छरिएको उज्यालो (Diffused Light) आउने काठ वा बाँसको खोरिया/र्याकमा २-३ तहमा फिँजाएर राख्नुपर्छ। यसले आलुमा छोटा, मोटा र बलिया हरिया मुना आउँछन् र आलु कुहिँदैन।"
काँक्रो र फर्सीमा खरानी तथा सितुवा रोग कसरी नियन्त्रण गर्ने?,पातको माथिल्लो भागमा सेतो धुलो जस्तो देखिने खराने रोगमा सल्फर (२ ग्राम प्रति लिटर) छर्कनुहोस्। पातमा पहेंला कुने दाग र मुनि बैजनी ढुसी देखिने सितुवा (Downy Mildew) का लागि मेटाल्याक्सिल + म्यानकोजेब (२ ग्राम प्रति लिटर) प्रयोग गर्नुहोस्।
परालको पोकामा गोब्रे वा कन्या च्याउ खेती कसरी गर्ने?,सुकेको धानको पराललाई २-३ इन्चको टुक्रा पारी ४५ मिनेट उम्लेको पानीमा उसिन्नुहोस्। पानी तारेर कोठाको तापक्रममा चिसो बनाई प्लास्टिकको थैलामा पराल र च्याउको बीउ तह-तह गरी भर्नुहोस्। अँध्यारो कोठामा २२-२५ डिग्रीमा राखेपछि १८-२१ दिनमा च्याउ उम्रन थाल्छ।
मौरीपालनले तरकारीको उत्पादन र परागसेचनमा कसरी मद्दत गर्छ?,"मौरीले काँक्रो, फर्सी, तोरी, स्याउ र गोलभेँडामा पर-परागसेचन (Cross-pollination) गराएर उत्पादन ३० देखि ५० प्रतिशतले बढाउँछ र फल बाङ्गो हुनबाट जोगाउँछ। मौरी चरिरहेको बिहानी समयमा रासायनिक विषादी छर्कनु हुँदैन।"
खेतबारीमा कम्पोस्ट मल कहिले र कसरी प्रयोग गर्ने?,"राम्रोसँग पाकेको कम्पोस्ट मल (प्रति रोपनी १ देखि २ टन) बाली लगाउनुभन्दा २-३ हप्ताअघि अन्तिम खनजोत गर्दा माटोको माथिल्लो १५ से.मी. मा राम्रोसँग मिलाउनुपर्छ। मललाई घाममा खुला नछोड्नुहोस्, नत्र नाइट्रोजन उडेर जान्छ।"
कृषि चुन प्रयोग गरी अमिलो माटो कसरी सुधार गर्ने?,माटोको पीएच ५.५ भन्दा कम भएमा बाली रोप्नुभन्दा ३-४ हप्ताअघि जग्गा तयारी गर्दा प्रति रोपनी २५ देखि ५० केजी कृषि चुन (क्याल्सियम कार्बोनेट) धुलो माटोमा समान रूपले छरेर जोत्नुपर्छ र माटोमा पर्याप्त चिस्यान हुनुपर्छ।
निमको पातबाट जैविक कीटनाशक कसरी बनाउने?,५ केजी हरियो निमको पातलाई मसिनो गरी कुटेर १० लिटर पानीमा हाल्नुहोस् र त्यसमा १ लिटर गहुँत मिसाएर ३-४ दिन भिजाउनुहोस्। त्यसपछि कपडाले छानेर १ लिटर झोलमा ४ लिटर पानी र थोरै साबुनको फिँज मिसाएर कीरा लागेको बालीमा छर्कनुहोस्।
